{
    "metrics": {
        "http_req_waiting": {
            "avg": 2368.2227444679656,
            "min": 12.323,
            "med": 2499.939,
            "max": 2710.065,
            "p(90)": 2615.9362,
            "p(95)": 2636.5398
        },
        "success_rate": {
            "passes": 5196,
            "fails": 0,
            "thresholds": {
                "rate>0.8": false
            },
            "value": 1
        },
        "http_reqs": {
            "count": 5197,
            "rate": 71.6906366800335
        },
        "http_req_duration": {
            "avg": 2368.3319097556277,
            "min": 13.621,
            "med": 2500.014,
            "max": 2710.126,
            "p(90)": 2616.0106,
            "p(95)": 2636.61,
            "thresholds": {
                "p(95)<15000": false
            }
        },
        "http_req_blocked": {
            "max": 16.428,
            "p(90)": 0.01,
            "p(95)": 0.204,
            "avg": 0.02846238214354255,
            "min": 0.001,
            "med": 0.003
        },
        "total_requests": {
            "count": 5196,
            "rate": 71.67684206069927
        },
        "vus": {
            "value": 2,
            "min": 2,
            "max": 300
        },
        "http_req_connecting": {
            "med": 0,
            "max": 7.005,
            "p(90)": 0,
            "p(95)": 0.17,
            "avg": 0.016844910525303066,
            "min": 0
        },
        "iteration_duration": {
            "avg": 2817.2444465879557,
            "min": 2206.78325,
            "med": 2864.378771,
            "max": 3390.436083,
            "p(90)": 3176.9966045,
            "p(95)": 3227.0743225
        },
        "vus_max": {
            "max": 300,
            "value": 300,
            "min": 300
        },
        "http_req_tls_handshaking": {
            "avg": 0,
            "min": 0,
            "med": 0,
            "max": 0,
            "p(90)": 0,
            "p(95)": 0
        },
        "group_duration": {
            "med": 2500.1461664999997,
            "max": 2710.244166,
            "p(90)": 2616.194187,
            "p(95)": 2636.7455415,
            "avg": 2368.9800572959953,
            "min": 2001.109709
        },
        "http_req_duration{expected_response:true}": {
            "min": 13.621,
            "med": 2500.014,
            "max": 2710.126,
            "p(90)": 2616.0106,
            "p(95)": 2636.61,
            "avg": 2368.3319097556277
        },
        "ai_response_time": {
            "max": 2711,
            "p(90)": 2616,
            "p(95)": 2637,
            "avg": 2368.889145496536,
            "min": 2001,
            "med": 2500
        },
        "http_req_failed": {
            "passes": 0,
            "fails": 5197,
            "value": 0
        },
        "data_sent": {
            "count": 1252325,
            "rate": 17275.346657749273
        },
        "data_received": {
            "count": 3206497,
            "rate": 44232.40551137529
        },
        "checks": {
            "passes": 10392,
            "fails": 0,
            "value": 1
        },
        "http_req_sending": {
            "p(95)": 0.04419999999999977,
            "avg": 0.020568212430248672,
            "min": 0.003,
            "med": 0.014,
            "max": 2.349,
            "p(90)": 0.034
        },
        "http_req_receiving": {
            "p(95)": 0.268,
            "avg": 0.08859707523571221,
            "min": 0.009,
            "med": 0.053,
            "max": 3.118,
            "p(90)": 0.189
        },
        "iterations": {
            "count": 5196,
            "rate": 71.67684206069927
        }
    },
    "setup_data": {
        "startTime": "2026-01-08T04:08:21.743Z"
    },
    "root_group": {
        "id": "d41d8cd98f00b204e9800998ecf8427e",
        "groups": {
            "AI 호출 시뮬레이션 (고부하)": {
                "groups": {},
                "checks": {
                        "status is 200": {
                            "path": "::AI 호출 시뮬레이션 (고부하)::status is 200",
                            "id": "78fa5e7348311b9bf5b9ea3dea8deea9",
                            "passes": 5196,
                            "fails": 0,
                            "name": "status is 200"
                        },
                        "response time < 15s": {
                            "name": "response time < 15s",
                            "path": "::AI 호출 시뮬레이션 (고부하)::response time < 15s",
                            "id": "69cd9718842bb3c2850e637b75497081",
                            "passes": 5196,
                            "fails": 0
                        }
                    },
                "name": "AI 호출 시뮬레이션 (고부하)",
                "path": "::AI 호출 시뮬레이션 (고부하)",
                "id": "ab393823d3cdeba70e4a0b83e81c1b68"
            }
        },
        "checks": {},
        "name": "",
        "path": ""
    }
}