{
    "metrics": {
        "vus_max": {
            "value": 300,
            "min": 300,
            "max": 300
        },
        "total_requests": {
            "rate": 82.62563012294719,
            "count": 5944
        },
        "success_rate": {
            "passes": 5944,
            "fails": 0,
            "thresholds": {
                "rate>0.8": false
            },
            "value": 1
        },
        "http_req_failed": {
            "passes": 0,
            "fails": 5945,
            "value": 0
        },
        "group_duration": {
            "avg": 2003.6878978371417,
            "min": 2000.529542,
            "med": 2003.0576875000002,
            "max": 2111.8455,
            "p(90)": 2006.6448331000001,
            "p(95)": 2008.03399015
        },
        "http_req_duration{expected_response:true}": {
            "p(95)": 2007.7196,
            "avg": 2003.1696999158924,
            "min": 49.341,
            "med": 2002.877,
            "max": 2110.67,
            "p(90)": 2006.3881999999999
        },
        "http_reqs": {
            "count": 5945,
            "rate": 82.63953080096249
        },
        "http_req_sending": {
            "min": 0.002,
            "med": 0.014,
            "max": 11.426,
            "p(90)": 0.035,
            "p(95)": 0.044,
            "avg": 0.02230428931875569
        },
        "http_req_blocked": {
            "p(90)": 0.01,
            "p(95)": 0.14819999999999894,
            "avg": 0.023467115222876242,
            "min": 0.001,
            "med": 0.004,
            "max": 6.856
        },
        "checks": {
            "passes": 11888,
            "fails": 0,
            "value": 1
        },
        "http_req_waiting": {
            "p(95)": 2007.4978,
            "avg": 2003.0360597140532,
            "min": 48.62,
            "med": 2002.748,
            "max": 2110.053,
            "p(90)": 2006.2566000000002
        },
        "data_received": {
            "count": 3861579,
            "rate": 53678.566309646754
        },
        "http_req_tls_handshaking": {
            "avg": 0,
            "min": 0,
            "med": 0,
            "max": 0,
            "p(90)": 0,
            "p(95)": 0
        },
        "ai_response_time": {
            "med": 2003,
            "max": 2112,
            "p(90)": 2007,
            "p(95)": 2008,
            "avg": 2003.6032974427994,
            "min": 2000
        },
        "iteration_duration": {
            "med": 2455.9903125,
            "max": 2712.528,
            "p(90)": 2652.2446795,
            "p(95)": 2679.7608688,
            "avg": 2455.259297165886,
            "min": 2201.497666
        },
        "iterations": {
            "count": 5944,
            "rate": 82.62563012294719
        },
        "http_req_duration": {
            "max": 2110.67,
            "p(90)": 2006.3881999999999,
            "p(95)": 2007.7196,
            "avg": 2003.1696999158924,
            "min": 49.341,
            "med": 2002.877,
            "thresholds": {
                "p(95)<15000": false
            }
        },
        "vus": {
            "value": 9,
            "min": 6,
            "max": 300
        },
        "data_sent": {
            "rate": 19914.014019973634,
            "count": 1432593
        },
        "http_req_connecting": {
            "med": 0,
            "max": 3.837,
            "p(90)": 0,
            "p(95)": 0.10259999999999947,
            "avg": 0.01361362489486964,
            "min": 0
        },
        "http_req_receiving": {
            "avg": 0.1113359125315386,
            "min": 0.009,
            "med": 0.08,
            "max": 2.558,
            "p(90)": 0.23160000000000014,
            "p(95)": 0.292
        }
    },
    "setup_data": {
        "startTime": "2026-01-08T04:11:49.379Z"
    },
    "root_group": {
        "name": "",
        "path": "",
        "id": "d41d8cd98f00b204e9800998ecf8427e",
        "groups": {
            "AI 호출 시뮬레이션 (고부하)": {
                "groups": {},
                "checks": {
                        "status is 200": {
                            "fails": 0,
                            "name": "status is 200",
                            "path": "::AI 호출 시뮬레이션 (고부하)::status is 200",
                            "id": "78fa5e7348311b9bf5b9ea3dea8deea9",
                            "passes": 5944
                        },
                        "response time < 15s": {
                            "path": "::AI 호출 시뮬레이션 (고부하)::response time < 15s",
                            "id": "69cd9718842bb3c2850e637b75497081",
                            "passes": 5944,
                            "fails": 0,
                            "name": "response time < 15s"
                        }
                    },
                "name": "AI 호출 시뮬레이션 (고부하)",
                "path": "::AI 호출 시뮬레이션 (고부하)",
                "id": "ab393823d3cdeba70e4a0b83e81c1b68"
            }
        },
        "checks": {}
    }
}